HCPCSCode,ShortDescriptor,StatusIndicator,PaymentRate,Changed?
"00100","Anesth salivary gland","N",,false
"00102","Anesth repair of cleft lip","N",,false
"00103","Anesth blepharoplasty","N",,false
"00104","Anesth electroshock","N",,false
"00120","Anesth ear surgery","N",,false
"00124","Anesth ear exam","N",,false
"00126","Anesth tympanotomy","N",,false
"00140","Anesth procedures on eye","N",,false
"00142","Anesth lens surgery","N",,false
"00144","Anesth corneal transplant","N",,false
"00145","Anesth vitreoretinal surg","N",,false
"00147","Anesth iridectomy","N",,false
"00148","Anesth eye exam","N",,false
"00160","Anesth nose/sinus surgery","N",,false
"00162","Anesth nose/sinus surgery","N",,false
"00164","Anesth biopsy of nose","N",,false
"00170","Anesth procedure on mouth","N",,false
"00172","Anesth cleft palate repair","N",,false
"00174","Anesth pharyngeal surgery","N",,false
"00176","Anesth pharyngeal surgery","C",,false
"00190","Anesth face/skull bone surg","N",,false
"00192","Anesth facial bone surgery","C",,false
"00210","Anesth cranial surg nos","N",,false
"00211","Anesth cran surg hemotoma","C",,false
"00212","Anesth skull drainage","N",,false
"00214","Anesth skull drainage","C",,false
"00220","Anesth intrcrn nerve","N",,false
"00222","Anesth head nerve surgery","N",,false
"00300","Anesth head/neck/ptrunk","N",,false
"00320","Anesth neck organ 1yr/>","N",,false
"19296","Place po breast cath for rad","J1",8135.56,false
"19324","Enlarge breast","J1",8135.56,false
"19325","Enlarge breast with implant","J1",8135.56,false
"19342","Delayed breast prosthesis","J1",8135.56,false
"19357","Breast reconstruction","J1",13853.33,false
"20692","Apply bone fixation device","J1",11900.71,false
"20696","Comp multiplane ext fixation","J1",15946.08,false
"21243","Reconstruction of jaw joint","J1",15946.08,false
"22526","Idet single level","E1",,false
"22527","Idet 1 or more levels","E1",,false
"22551","Neck spine fuse&remov bel c2","J1",11900.71,false
"22554","Neck spine fusion","J1",11900.71,false
"22612","Lumbar spine fusion","J1",11900.71,false
"22633","Lumbar spine fusion combined","J1",11900.71,false
"22856","Cerv artific diskectomy","J1",15946.08,false
"22867","Insj stablj dev w/dcmprn","J1",15946.08,false
"22869","Insj stablj dev w/o dcmprn","J1",11900.71,false
"23470","Reconstruct shoulder joint","J1",11900.71,false
"23473","Revis reconst shoulder joint","J1",11900.71,false
"23485","Revision of collar bone","J1",11900.71,false
"23491","Reinforce shoulder bones","J1",11900.71,false
"23615","Treat humerus fracture","J1",11900.71,false
"23616","Treat humerus fracture","J1",15946.08,false
"23680","Treat dislocation/fracture","J1",11900.71,false
"23802","Fusion of shoulder joint","J1",11900.71,false
"24346","Reconstruct elbow med ligmnt","J1",11900.71,false
"24361","Reconstruct elbow joint","J1",15946.08,false
"24362","Reconstruct elbow joint","J1",11900.71,false
"24363","Replace elbow joint","J1",15946.08,false
"24365","Reconstruct head of radius","J1",11900.71,false
"24366","Reconstruct head of radius","J1",11900.71,false
"24370","Revise reconst elbow joint","J1",11900.71,false
"24371","Revise reconst elbow joint","J1",15946.08,false
"24410","Revision of humerus","J1",11900.71,false
"24430","Repair of humerus","J1",11900.71,false
"24435","Repair humerus with graft","J1",11900.71,false
"24498","Reinforce humerus","J1",11900.71,false
"24515","Treat humerus fracture","J1",11900.71,false
"24516","Treat humerus fracture","J1",11900.71,false
"24545","Treat humerus fracture","J1",11900.71,false
"24546","Treat humerus fracture","J1",15946.08,false
"24575","Treat humerus fracture","J1",11900.71,false
"24579","Treat humerus fracture","J1",11900.71,false
"24586","Treat elbow fracture","J1",11900.71,false
"24587","Treat elbow fracture","J1",11900.71,false
"24666","Treat radius fracture","J1",11900.71,false
"24802","Fusion/graft of elbow joint","J1",11900.71,false
"25365","Revise radius & ulna","J1",11900.71,false
"25391","Lengthen radius or ulna","J1",11900.71,false
"25441","Reconstruct wrist joint","J1",11900.71,false
"25442","Reconstruct wrist joint","J1",15946.08,false
"25444","Reconstruct wrist joint","J1",11900.71,false
"25446","Wrist replacement","J1",15946.08,false
"25491","Reinforce ulna","J1",11900.71,false
"25810","Fusion/graft of wrist joint","J1",11900.71,false
"27130","Total hip arthroplasty","J1",11900.71,false
"27279","Arthrodesis sacroiliac joint","J1",15946.08,false
"27356","Remove femur lesion/graft","J1",11900.71,false
"27415","Osteochondral knee allograft","J1",11900.71,false
"27428","Reconstruction knee","J1",11900.71,false
"27429","Reconstruction knee","J1",11900.71,false
"27438","Revise kneecap with implant","J1",11900.71,false
"27440","Revision of knee joint","J1",11900.71,false
"27441","Revision of knee joint","J1",11900.71,false
"27442","Revision of knee joint","J1",11900.71,false
"27443","Revision of knee joint","J1",11900.71,false
"27446","Revision of knee joint","J1",11900.71,false
"27447","Total knee arthroplasty","J1",11900.71,false
"27709","Incision of tibia & fibula","J1",11900.71,false
"27758","Treatment of tibia fracture","J1",11900.71,false
"27759","Treatment of tibia fracture","J1",11900.71,false
"27827","Treat lower leg fracture","J1",11900.71,false
"27828","Treat lower leg fracture","J1",11900.71,false
"27870","Fusion of ankle joint open","J1",11900.71,false
"27871","Fusion of tibiofibular joint","J1",11900.71,false
"28320","Repair of foot bones","J1",11900.71,false
"28420","Treat/graft heel fracture","J1",11900.71,false
"28705","Fusion of foot bones","J1",15946.08,false
"28715","Fusion of foot bones","J1",11900.71,false
"28725","Fusion of foot bones","J1",11900.71,false
"28730","Fusion of foot bones","J1",11900.71,false
"28735","Fusion of foot bones","J1",11900.71,false
"28737","Revision of foot bones","J1",11900.71,false
"29856","Tibial arthroscopy/surgery","J1",11900.71,false
"29867","Allgrft implnt knee w/scope","J1",11900.71,false
"29889","Knee arthroscopy/surgery","J1",11900.71,false
"29907","Subtalar arthro w/fusion","J1",11900.71,false
"33206","Insert heart pm atrial","J1",10251.94,false
"33207","Insert heart pm ventricular","J1",10251.94,false
"33208","Insrt heart pm atrial & vent","J1",10251.94,false
"33210","Insert electrd/pm cath sngl","J1",7641.85,false
"33211","Insert card electrodes dual","J1",7641.85,false
"33212","Insert pulse gen sngl lead","J1",7641.85,false
"33213","Insert pulse gen dual leads","J1",10251.94,false
"33214","Upgrade of pacemaker system","J1",10251.94,false
"33216","Insert 1 electrode pm-defib","J1",7641.85,false
"33217","Insert 2 electrode pm-defib","J1",7641.85,false
"33221","Insert pulse gen mult leads","J1",18313.22,false
"33224","Insert pacing lead & connect","J1",10251.94,false
"33227","Remove&replace pm gen singl","J1",7641.85,false
"33228","Remv&replc pm gen dual lead","J1",10251.94,false
"33229","Remv&replc pm gen mult leads","J1",18313.22,false
"33230","Insrt pulse gen w/dual leads","J1",22712.89,false
"33231","Insrt pulse gen w/mult leads","J1",32282.64,false
"33233","Removal of pm generator","Q2",7641.85,false
"33240","Insrt pulse gen w/singl lead","J1",22712.89,false
"33249","Insj/rplcmt defib w/lead(s)","J1",32282.64,false
"33262","Rmvl& replc pulse gen 1 lead","J1",22712.89,false
"33263","Rmvl & rplcmt dfb gen 2 lead","J1",22712.89,false
"33264","Rmvl & rplcmt dfb gen mlt ld","J1",32282.64,false
"33270","Ins/rep subq defibrillator","J1",32282.64,false
"33271","Insj subq impltbl dfb elctrd","J1",7641.85,false
"33274","Tcat insj/rpl perm ldls pm","J1",15939.97,false
"33285","Insj subq car rhythm mntr","J1",7641.85,false
"33289","Tcat impl wrls p-art prs snr","J1",28521.53,false
"36903","Intro cath dialysis circuit","J1",9908.48,false
"36905","Thrmbc/nfs dialysis circuit","J1",9908.48,false
"36906","Thrmbc/nfs dialysis circuit","J1",15939.97,false
"37184","Prim art m-thrmbc 1st vsl","J1",9908.48,false
"37221","Iliac revasc w/stent","J1",9908.48,false
"37225","Fem/popl revas w/ather","J1",9908.48,false
"37226","Fem/popl revasc w/stent","J1",9908.48,false
"37227","Fem/popl revasc stnt & ather","J1",15939.97,false
"37228","Tib/per revasc w/tla","J1",9908.48,false
"37229","Tib/per revasc w/ather","J1",15939.97,false
"37230","Tib/per revasc w/stent","J1",15939.97,false
"37231","Tib/per revasc stent & ather","J1",15939.97,false
"37236","Open/perq place stent 1st","J1",9908.48,false
"37238","Open/perq place stent same","J1",9908.48,false
"37241","Vasc embolize/occlude venous","J1",9908.48,false
"37242","Vasc embolize/occlude artery","J1",9908.48,false
"37243","Vasc embolize/occlude organ","J1",9908.48,false
"37244","Vasc embolize/occlude bleed","J1",9908.48,false
"38120","Laparoscopy splenectomy","J1",8413.11,false
"38240","Transplt allo hct/donor","J1",37435.88,false
"38571","Laparoscopy lymphadenectomy","J1",8413.11,false
"38572","Laparoscopy lymphadenectomy","J1",8413.11,false
"38573","Laps pelvic lymphadec","J1",8413.11,false
"38720","Removal of lymph nodes neck","J1",8135.56,false
"43210","Egd esophagogastrc fndoplsty","J1",8413.11,false
"43280","Laparoscopy fundoplasty","J1",8413.11,false
"43281","Lap paraesophag hern repair","J1",8413.11,false
"43282","Lap paraesoph her rpr w/mesh","J1",8413.11,false
"43284","Laps esophgl sphnctr agmntj","J1",8413.11,false
"43770","Lap place gastr adj device","J1",8413.11,false
"47370","Laparo ablate liver tumor rf","J1",8413.11,false
"47371","Laparo ablate liver cryosurg","J1",8413.11,false
"49654","Lap inc hernia repair","J1",8413.11,false
"49655","Lap inc hern repair comp","J1",8413.11,false
"49656","Lap inc hernia repair recur","J1",8413.11,false
"49657","Lap inc hern recur comp","J1",8413.11,false
"50080","Removal of kidney stone","J1",8067.93,false
"50081","Removal of kidney stone","J1",8067.93,false
"50542","Laparo ablate renal mass","J1",8413.11,false
"50543","Laparo partial nephrectomy","J1",8413.11,false
"50544","Laparoscopy pyeloplasty","J1",8413.11,false
"50555","Kidney endoscopy & biopsy","J1",8067.93,false
"50557","Kidney endoscopy & treatment","J1",8067.93,false
"50562","Renal scope w/tumor resect","J1",8067.93,false
"50593","Perc cryo ablate renal tum","J1",8413.11,false
"50948","Laparo new ureter/bladder","J1",8413.11,false
"53025","Incision of urethra","J1",1771.55,false
"53440","Male sling procedure","J1",8067.93,false
"53444","Insert tandem cuff","J1",17573.96,false
"53445","Insert uro/ves nck sphincter","J1",17573.96,false
"53447","Remove/replace ur sphincter","J1",17573.96,false
"53510","Repair of urethra injury","J1",4231.62,false
"54112","Treat penis lesion graft","J1",8067.93,false
"54400","Insert semi-rigid prosthesis","J1",17573.96,false
"54401","Insert self-contd prosthesis","J1",17573.96,false
"54405","Insert multi-comp penis pros","J1",17573.96,false
"54410","Remove/replace penis prosth","J1",17573.96,false
"54411","Remov/replc penis pros comp","J1",17573.96,false
"54416","Remv/repl penis contain pros","J1",17573.96,false
"54417","Remv/replc penis pros compl","J1",17573.96,false
"55866","Laparo radical prostatectomy","J1",8413.11,false
"55873","Cryoablate prostate","J1",8067.93,false
"57423","Repair paravag defect lap","J1",8413.11,false
"57425","Laparoscopy surg colpopexy","J1",8413.11,false
"58542","Lsh w/t/o ut 250 g or less","J1",8413.11,false
"58543","Lsh uterus above 250 g","J1",8413.11,false
"58544","Lsh w/t/o uterus above 250 g","J1",8413.11,false
"58546","Laparo-myomectomy complex","J1",8413.11,false
"58552","Laparo-vag hyst incl t/o","J1",8413.11,false
"58553","Laparo-vag hyst complex","J1",8413.11,false
"58554","Laparo-vag hyst w/t/o compl","J1",8413.11,false
"58565","Hysteroscopy sterilization","J1",4271.54,false
"58570","Tlh uterus 250 g or less","J1",8413.11,false
"58571","Tlh w/t/o 250 g or less","J1",8413.11,false
"58572","Tlh uterus over 250 g","J1",8413.11,false
"58573","Tlh w/t/o uterus over 250 g","J1",8413.11,false
"58674","Laps abltj uterine fibroids","J1",8413.11,false
"58770","Create new tubal opening","J1",2498.1,false
"58800","Drainage of ovarian cyst(s)","J1",2498.1,false
"58822","Drain ovary abscess percut","C",,false
"58925","Removal of ovarian cyst(s)","J1",4271.54,false
"58956","Bso omentectomy w/tah","C",,false
"58957","Resect recurrent gyn mal","C",,false
"58958","Resect recur gyn mal w/lym","C",,false
"59136","Treat ectopic pregnancy","C",,false
"59426","Antepartum care only","B",,false
"61623","Endovasc tempory vessel occl","J1",9908.48,false
"61626","Transcath occlusion non-cns","J1",9908.48,false
"61885","Insrt/redo neurostim 1 array","J1",19279.42,false
"61886","Implant neurostim arrays","J1",29118.74,false
"62325","Njx interlaminar crv/thrc","T",812.05,false
"62360","Insert spine infusion device","J1",16516.44,false
"62361","Implant spine infusion pump","J1",16516.44,false
"62362","Implant spine infusion pump","J1",16516.44,false
"63050","Cervical laminoplsty 2/> seg","C",,false
"63051","C-laminoplasty w/graft/plate","C",,false
"63194","Incise spine & cord cervical","C",,false
"63195","Incise spine & cord thoracic","C",,false
"63295","Repair laminectomy defect","C",,false
"63655","Implant neuroelectrodes","J1",19279.42,false
"63664","Revise spine eltrd plate","J1",19279.42,false
"63685","Insrt/redo spine n generator","J1",29118.74,false
"63710","Graft repair of spine defect","C",,false
"64568","Inc for vagus n elect impl","J1",29118.74,false
"64575","Implant neuroelectrodes","J1",19279.42,false
"64580","Implant neuroelectrodes","J1",19279.42,false
"64590","Insrt/redo pn/gastr stimul","J1",19279.42,false
"65780","Ocular reconst transplant","J1",3127.06,false
"65782","Ocular reconst transplant","J1",3127.06,false
"66770","Removal of inner eye lesion","T",506.93,false
"67027","Implant eye drug system","J1",12876.13,false
"69420","Incision of eardrum","T",203.64,false
"69714","Implant temple bone w/stimul","J1",11900.71,false
"69715","Temple bne implnt w/stimulat","J1",15946.08,false
"69718","Revise temple bone implant","J1",11900.71,false
"69930","Implant cochlear device","J1",33108.32,false
"69955","Release facial nerve","J1",4850.53,false
"69960","Release inner ear canal","J1",4850.53,false
"76120","Cine/video x-rays","Q1",112.08,false
"76125","Cine/video x-rays add-on","N",,false
"76140","X-ray consultation","E1",,false
"76376","3d render w/intrp postproces","N",,false
"76377","3d render w/intrp postproces","N",,false
"76380","Cat scan follow-up study","Q1",79.81,false
"76390","Mr spectroscopy","E1",,false
"76506","Echo exam of head","Q1",112.08,false
"76510","Ophth us b & quant a","Q1",109.03,false
"76514","Echo exam of eye thickness","Q1",22.99,false
"76642","Ultrasound breast limited","Q1",79.81,false
"76945","Echo guide villus sampling","N",,false
"76946","Echo guide for amniocentesis","N",,false
"77081","Dxa bone density/peripheral","S",79.81,false
"77371","Srs multisource","J1",7942.41,false
"77372","Srs linear based","J1",7942.41,false
"77424","Io rad tx delivery by x-ray","J1",7942.41,false
"77425","Io rad tx deliver by elctrns","J1",7942.41,false
"78282","Gi protein loss exam","S",368.13,false
"78832","Rp loclzj tum spect w/ct 2","S",1443.09,false
"80180","Drug scrn quan mycophenolate","Q4",,false
"80337","Tricyclic & cyclicals 6/more","B",,false
"80338","Antidepressant not specified","B",,false
"80339","Antiepileptics nos 1-3","B",,false
"80340","Antiepileptics nos 4-6","B",,false
"80341","Antiepileptics nos 7/more","B",,false
"80342","Antipsychotics nos 1-3","B",,false
"80343","Antipsychotics nos 4-6","B",,false
"80349","Cannabinoids natural","B",,false
"80354","Drug screening fentanyl","B",,false
"80361","Opiates 1 or more","B",,false
"80408","Aldosterone suppression eval","Q4",,false
"80412","Crh stimulation panel","Q4",,false
"81189","Cstb gene full gene sequence","A",,false
"81325","Pmp22 gene full sequence","A",,false
"81426","Genome sequence analysis","A",,false
"81507","Fetal aneuploidy trisom risk","A",,false
"82045","Albumin ischemia modified","Q4",,false
"82104","Alpha-1-antitrypsin pheno","Q4",,false
"82108","Assay of aluminum","Q4",,false
"82160","Assay of androsterone","Q4",,false
"82261","Assay of biotinidase","Q4",,false
"82600","Assay of cyanide","Q4",,false
"82608","B-12 binding capacity","Q4",,false
"82656","Pancreatic elastase fecal","Q4",,false
"83009","H pylori (c-13) blood","Q4",,false
"83630","Lactoferrin fecal (qual)","Q4",,false
"83631","Lactoferrin fecal (quant)","Q4",,false
"84163","Pappa serum","Q4",,false
"84166","Protein e-phoresis/urine/csf","Q4",,false
"84425","Assay of vitamin b-1","Q4",,false
"84430","Assay of thiocyanate","Q4",,false
"84703","Chorionic gonadotropin assay","Q4",,false
"84704","Hcg free betachain test","Q4",,false
"84830","Ovulation tests","Q4",,false
"84999","Clinical chemistry test","Q4",,false
"85002","Bleeding time test","Q4",,false
"85240","Clot factor viii ahg 1 stage","Q4",,false
"85300","Antithrombin iii activity","Q4",,false
"85362","Fibrin degradation products","Q4",,false
"85421","Fibrinolytic plasminogen","Q4",,false
"85460","Hemoglobin fetal","Q4",,false
"85461","Hemoglobin fetal","Q4",,false
"86335","Immunfix e-phorsis/urine/csf","Q4",,false
"86341","Islet cell antibody","Q4",,false
"86343","Leukocyte histamine release","Q4",,false
"86344","Leukocyte phagocytosis","Q4",,false
"86352","Cell function assay w/stim","Q4",,false
"86430","Rheumatoid factor test qual","Q4",,false
"86922","Compatibility test antiglob","Q1",143.5,false
"86923","Compatibility test electric","Q1",143.5,false
"86927","Plasma fresh frozen","S",143.5,false
"86930","Frozen blood prep","Q1",283.41,false
"86931","Frozen blood thaw","Q1",283.41,false
"86932","Frozen blood freeze/thaw","Q1",33.43,false
"87045","Feces culture aerobic bact","Q4",,false
"87106","Fungi identification yeast","Q4",,false
"87272","Cryptosporidium ag if","Q4",,false
"87273","Herpes simplex 2 ag if","Q4",,false
"87274","Herpes simplex 1 ag if","Q4",,false
"87275","Influenza b ag if","Q4",,false
"87276","Influenza a ag if","Q4",,false
"87512","Gardner vag dna quant","Q4",,false
"87520","Hepatitis c rna dir probe","Q4",,false
"87521","Hepatitis c probe&rvrs trnsc","Q4",,false
"87535","Hiv-1 probe&reverse trnscrpj","Q4",,false
"87536","Hiv-1 quant&revrse trnscrpj","Q4",,false
"87537","Hiv-2 dna dir probe","Q4",,false
"87538","Hiv-2 probe&revrse trnscripj","Q4",,false
"87539","Hiv-2 quant&revrse trnscripj","Q4",,false
"87540","Legion pneumo dna dir prob","Q4",,false
"87541","Legion pneumo dna amp prob","Q4",,false
"87542","Legion pneumo dna quant","Q4",,false
"87550","Mycobacteria dna dir probe","Q4",,false
"87807","Rsv assay w/optic","Q4",,false
"87808","Trichomonas assay w/optic","Q4",,false
"87809","Adenovirus assay w/optic","Q4",,false
"88036","Limited autopsy","E1",,false
"88037","Limited autopsy","E1",,false
"88040","Forensic autopsy (necropsy)","E1",,false
"88045","Coroners autopsy (necropsy)","E1",,false
"88148","Cytopath c/v auto rescreen","Q4",,false
"88172","Cytp dx eval fna 1st ea site","Q1",143.5,false
"88173","Cytopath eval fna report","Q1",49.47,false
"88185","Flowcytometry/tc add-on","N",,false
"88188","Flowcytometry/read 9-15","B",,false
"88189","Flowcytometry/read 16 & >","B",,false
"88321","Microslide consultation","Q1",33.43,false
"88329","Path consult introp","Q1",33.43,false
"88358","Analysis tumor","Q2",143.5,false
"88381","Microdissection manual","N",,false
"89251","Cultr oocyte/embryo <4 days","Q2",143.5,false
"89253","Embryo hatching","Q1",143.5,false
"89254","Oocyte identification","Q1",143.5,false
"89329","Sperm evaluation test","Q4",,false
"89330","Evaluation cervical mucus","Q4",,false
"89331","Retrograde ejaculation anal","Q4",,false
"89335","Cryopreserve testicular tiss","Q1",49.47,false
"89337","Cryopreservation oocyte(s)","Q1",143.5,false
"89342","Storage/year embryo(s)","Q1",143.5,false
"90296","Diphtheria antitoxin","K",2957.76,true
"90371","Hep b ig im","K",115.936,true
"90375","Rabies ig im/sc","K",277.34,true
"90376","Rabies ig heat treated","K",278.695,true
"90378","Rsv mab im 50mg","K",1838.68,true
"90393","Vaccina ig im","E2",,false
"90396","Varicella-zoster ig im","K",1705.315,true
"90399","Immune globulin","E1",,false
"90656","Iiv3 vacc no prsv 0.5 ml im","L",,false
"90675","Rabies vaccine im","K",277.816,true
"90676","Rabies vaccine id","K",227.53,true
"90832","Psytx w pt 30 minutes","Q3",131.36,false
"90833","Psytx w pt w e/m 30 min","N",,false
"90889","Preparation of report","N",,false
"90968","Esrd svc pr day pt 2-11","M",,false
"90969","Esrd svc pr day pt 12-19","M",,false
"90970","Esrd svc pr day pt 20+","M",,false
"90989","Dialysis training complete","B",,false
"90993","Dialysis training incompl","B",,false
"90997","Hemoperfusion","B",,false
"90999","Dialysis procedure","B",,false
"91010","Esophagus motility study","S",485.61,false
"91013","Esophgl motil w/stim/perfus","N",,false
"91034","Gastroesophageal reflux test","S",485.61,false
"91035","G-esoph reflx tst w/electrod","S",485.61,false
"91037","Esoph imped function test","S",253.1,false
"91038","Esoph imped funct test > 1hr","S",485.61,false
"91040","Esoph balloon distension tst","S",485.61,false
"91120","Rectal sensation test","S",138.35,false
"92242","Fluorescein icg angiography","S",253.1,false
"92250","Eye exam with photos","Q1",109.03,false
"92287","Internal eye photography","Q1",109.03,false
"92310","Contact lens fitting","E1",,false
"92311","Contact lens fitting","Q1",363.59,false
"92312","Contact lens fitting","Q1",109.03,false
"92620","Auditory function 60 min","Q1",138.35,false
"92621","Auditory function + 15 min","N",,false
"92625","Tinnitus assessment","Q1",138.35,false
"92627","Eval aud funcj ea addl 15","N",,false
"92630","Aud rehab pre-ling hear loss","E1",,false
"92633","Aud rehab postling hear loss","E1",,false
"92700","Ent procedure/service","Q1",22.99,false
"92920","Prq cardiac angioplast 1 art","J1",4953.91,false
"92921","Prq cardiac angio addl art","N",,false
"92924","Prq card angio/athrect 1 art","J1",9908.48,false
"92925","Prq card angio/athrect addl","N",,false
"92928","Prq card stent w/angio 1 vsl","J1",9908.48,false
"92929","Prq card stent w/angio addl","N",,false
"92933","Prq card stent/ath/angio","J1",15939.97,false
"92937","Prq revasc byp graft 1 vsl","J1",9908.48,false
"92941","Prq card revasc mi 1 vsl","C",,false
"92943","Prq card revasc chronic 1vsl","J1",9908.48,false
"92987","Revision of mitral valve","J1",9908.48,false
"92990","Revision of pulmonary valve","J1",9908.48,false
"92992","Revision of heart chamber","C",,false
"92997","Pul art balloon repr percut","J1",9908.48,false
"93292","Wcd device interrogate","Q1",36.25,false
"93293","Pm phone r-strip device eval","Q1",36.25,false
"93580","Transcath closure of asd","J1",15939.97,false
"93581","Transcath closure of vsd","J1",15939.97,false
"93582","Perq transcath closure pda","J1",15939.97,false
"93590","Perq transcath cls mitral","J1",15939.97,false
"93591","Perq transcath cls aortic","J1",15939.97,false
"93653","Ep & ablate supravent arrhyt","J1",20435.27,false
"93654","Ep & ablate ventric tachy","J1",20435.27,false
"93655","Ablate arrhythmia add on","N",,false
"93656","Tx atrial fib pulm vein isol","J1",20435.27,false
"93886","Intracranial complete study","S",233.04,false
"93890","Tcd vasoreactivity study","Q1",233.04,false
"93892","Tcd emboli detect w/o inj","Q1",112.08,false
"95044","Allergy patch tests","Q1",908.95,false
"95052","Photo patch test","Q1",33.43,false
"95120","Immunotherapy one injection","E1",,false
"95125","Immunotherapy 2/> injections","E1",,false
"95130","Immntx 1 sting insect","E1",,false
"95131","Immntx 2 sting insects","E1",,false
"95926","Somatosensory testing","S",253.1,false
"95928","C motor evoked uppr limbs","S",908.95,false
"95930","Visual ep test cns w/i&r","S",138.35,false
"95937","Neuromuscular junction test","S",138.35,false
"95938","Somatosensory testing","S",485.61,false
"95939","C motor evoked upr&lwr limbs","S",908.95,false
"95940","Ionm in operatng room 15 min","N",,false
"95941","Ionm remote/>1 pt or per hr","N",,false
"95943","Parasymp&symp hrt rate test","S",138.35,false
"95970","Alys npgt w/o prgrmg","Q1",109.03,false
"95980","Io anal gast n-stim init","N",,false
"95981","Io anal gast n-stim subsq","Q1",109.03,false
"95982","Io ga n-stim subsq w/reprog","Q1",36.25,false
"97597","Rmvl devital tis 20 cm/<","T",174.73,false
"97598","Rmvl devital tis addl 20cm/<","N",,false
"97606","Neg press wound tx >50 cm","Q1",319.51,false
"97607","Neg press wnd tx <=50 sq cm","T",319.51,false
"97608","Neg press wound tx >50 cm","T",319.51,false
"97810","Acupunct w/o stimul 15 min","E1",,false
"97811","Acupunct w/o stimul addl 15m","E1",,false
"97813","Acupunct w/stimul 15 min","E1",,false
"97814","Acupunct w/stimul addl 15m","E1",,false
"99505","Home visit stoma care","E1",,false
"0012F","Cap bacterial assess","E1",,false
"0012M","Onc mrna 5 gen rsk urthl ca","A",,false
"0014F","Comp preop assess cat surg","E1",,false
"0015F","Melan follow-up complete","E1",,false
"0044U","Tbrf b grp antb 4 prtn igg","Q4",,false
"0100T","Prosth retina receive&gen","T",152500.5,false
"0122U","Sc dis p-selectin whl blood","Q4",,false
"0139U","Neuro austm meas 6 c metablt","Q4",,false
"0234T","Trluml perip athrc renal art","J1",9908.48,false
"0236T","Trluml perip athrc abd aorta","J1",9908.48,false
"0237T","Trluml perip athrc brchiocph","J1",9908.48,false
"0238T","Trluml perip athrc iliac art","J1",15939.97,false
"0266T","Implt/rpl crtd sns dev total","J1",29118.74,false
"0268T","Implt/rpl crtd sns dev gen","J1",29118.74,false
"0308T","Insj ocular telescope prosth","J1",20675.62,false
"0312T","Laps impltj nstim vagus","J1",29118.74,false
"0316T","Replc vagus nerve pls gen","J1",29118.74,false
"0398T","Mrgfus strtctc les abltj","S",12500.5,false
"0408T","Insj/rplc cardiac modulj sys","J1",22712.89,false
"0409T","Insj/rplc car modulj pls gn","J1",22712.89,false
"0410T","Insj/rplc car modulj atr elt","J1",7641.85,false
"0411T","Insj/rplc car modulj vnt elt","J1",7641.85,false
"0414T","Rmvl & rpl car modulj pls gn","J1",22712.89,false
"0421T","Waterjet prostate abltj cmpl","J1",8067.93,false
"0424T","Insj/rplc nstim apnea compl","J1",29118.74,false
"0426T","Insj/rplc nstim apnea stm ld","J1",19279.42,false
"0427T","Insj/rplc nstim apnea pls gn","J1",29118.74,false
"0431T","Rmvl/rplc nstim apnea pls gn","J1",29118.74,false
"0453T","Insj/rplcmt mech-elec ntrfce","J1",7641.85,false
"0454T","Insj/rplcmt subq electrode","J1",7641.85,false
"0486T","Oct mid ear i&r bilateral","Q1",33.43,false
"0505T","Ev fempop artl revsc","J1",9908.48,false
"0515T","Insj wcs lv compl sys","J1",22712.89,false
"0516T","Insj wcs lv eltrd only","J1",7641.85,false
"0517T","Insj wcs lv pg compnt","J1",7641.85,false
"0520T","Rmvl&rplcmt pg wcs new eltrd","J1",22712.89,false
"0525T","Insj/rplcmt compl iims","J1",10251.94,false
"0526T","Insj/rplcmt iims eltrd only","J1",7641.85,false
"0527T","Insj/rplcmt iims implt mntr","J1",7641.85,false
"0534T","Cont rec mvmt do setup&train","Q1",36.25,false
"0540F","Gluco mngmnt plan docd","M",,false
"0540T","Car-t cll admn autologous","S",309.6,false
"0544T","Tcat mv annulus rcnstj","C",,false
"0548T","Tprnl balo cntnc dev bi","J1",8067.93,false
"0558T","Ct scan f/biomchn ct alys","S",79.81,false
"0559T","Antmc mdl 3d print 1st cmpnt","Q1",55.01,false
"0560T","Antmc mdl 3d print ea addl","N",,false
"0561T","Antmc guide 3d print 1st gd","Q1",55.01,false
"0562T","Antmc guide 3d print ea addl","N",,false
"0563T","Evac meibomian glnd heat bi","Q1",55.01,false
"0565T","Autol cell implt adps hrvg","Q1",55.01,false
"0566T","Autol cell implt adps njx","T",261.77,false
"0567T","Perm flp tube occls w/implt","E1",,false
"0568T","Intro mix saline&air f/ssg","E1",,false
"0571T","Insj/rplcmt icds ss eltrd","J1",32282.64,true
"0572T","Insertion ss dfb electrode","J1",7641.85,true
"0573T","Removal ss dfb electrode","Q2",2984.01,true
"0574T","Repos prev ss impl dfb eltrd","Q2",2984.01,true
"0575T","Prgrmg dev eval icds ss ip","Q1",36.25,true
"0576T","Interrog dev eval icds ss ip","Q1",36.25,true
"0577T","Ephys eval icds ss","J1",987.56,true
"0578T","Rem interrog dev icds phys","M",,true
"0579T","Rem interrog dev icds tech","Q1",36.25,true
"0580T","Rmvl ss impl dfb pg only","Q2",2984.01,true
"1036F","Tobacco non-user","M",,false
"1111F","Dschrg med/current med merge","M",,false
"1220F","Pt screened for depression","E1",,false
"1400F","Prkns diag rviewed","E1",,false
"1450F","Symptoms improved/consist","E1",,false
"1451F","Sympt show clin import drop","E1",,false
"1494F","Cognit assessed and reviewed","E1",,false
"1500F","Symptom&sign symm polyneuro","E1",,false
"1501F","Not initial eval for cond","E1",,false
"1502F","Pt queried pain fxn w/ instr","E1",,false
"1503F","Pt queried symp resp insuff","E1",,false
"1504F","Pt has resp insufficiency","E1",,false
"4019F","Doc recpt counsl vit d/calc+","E1",,false
"4025F","Inhaled bronchodilator rx","E1",,false
"4037F","Influenza imm order/admin","E1",,false
"4062F","Pt referral psych docd","E1",,false
"4063F","Antidepres rxthxpy not rxd","E1",,false
"4064F","Antidepressant rx","E1",,false
"4065F","Antipsychotic rx","E1",,false
"4066F","Ect provided","E1",,false
"4067F","Pt referral for ect docd","E1",,false
"4070F","Dvt prophylx recvd day 2","E1",,false
"4073F","Oral antiplat thx rx dischrg","E1",,false
"4075F","Anticoag thx rx at dischrg","E1",,false
"4077F","Doc t-pa admin considered","E1",,false
"4480F","Pt rcvng ace/arb b-blockertx","E1",,false
"4481F","Pt rcvng ace/arb blker <3mos","E1",,false
"4500F","Ref to outpt card rehab prog","M",,false
"4510F","Prev cardrehab qualcardevent","M",,false
"4551F","Nutritional support offered","E1",,false
"4552F","Pt ref for speech lang path","E1",,false
"4553F","Pt asst re end life issues","E1",,false
"4554F","Pt recvd inhal anesthetic","M",,false
"4555F","Pt recvd no inhal anesthic","E1",,false
"4556F","Pt w/3+ post-op nausea&vom","M",,false
"A4223","Infusion supplies w/o pump","N",,false
"A4224","Supply insulin inf cath/wk","N",,false
"A4225","Sup/ext insulin inf pump syr","N",,false
"A4226","Weekly supply maint CGS pump","N",,false
"A4349","Disposable male external cat","N",,false
"A4520","Incontinence garment anytype","E1",,false
"A4605","Trach suction cath close sys","N",,false
"A7040","One way chest drain valve","N",,false
"A7041","Water seal drain container","N",,false
"A7045","Repl exhalation port for pap","Y",,false
"A7527","Trach/laryn tube plug/stop","N",,false
"A8000","Soft protect helmet prefab","Y",,false
"A8001","Hard protect helmet prefab","Y",,false
"A8002","Soft protect helmet custom","Y",,false
"A8003","Hard protect helmet custom","Y",,false
"A8004","Repl soft interface, helmet","Y",,false
"A9152","Single vitamin nos","E1",,false
"A9153","Multi-vitamin nos","E1",,false
"A9155","Artificial saliva","B",,false
"A9180","Lice treatment, topical","E1",,false
"A9513","Lutetium lu 177 dotatat ther","G",259.17,true
"A9517","I131 iodide cap, rx","K",20.69,true
"A9530","I131 iodide sol, rx","K",13.36,true
"A9543","Y90 ibritumomab, rx","K",55267.573,true
"A9563","P32 na phosphate","K",449.31,true
"A9570","Indium in-111 auto wbc","N",,false
"A9571","Indium in-111 auto platelet","N",,false
"A9586","Florbetapir f18","G",3028.844,true
"A9590","Iodine i-131 iobenguane 1mci","G",320.12,true
"A9600","Sr89 strontium","K",2045.7019500000001,true
"A9604","Sm 153 lexidronam","K",16047.056,true
"A9606","Radium ra223 dichloride ther","K",140.842,true
"B4102","Ef adult fluids and electro","Y",,false
"B4103","Ef ped fluid and electrolyte","Y",,false
"B4104","Additive for enteral formula","E1",,false
"B4105","Enzyme cartridge enteral nut","Y",,false
"B4149","Ef blenderized foods","Y",,false
"B4157","Ef special metabolic inherit","Y",,false
"B4158","Ef ped complete intact nut","Y",,false
"B4159","Ef ped complete soy based","Y",,false
"B4160","Ef ped caloric dense>/=0.7kc","Y",,false
"B4161","Ef ped hydrolyzed/amino acid","Y",,false
"B4162","Ef ped specmetabolic inherit","Y",,false
"B4197","Parenteral sol 74-100 gm pro","Y",,false
"B4199","Parenteral sol > 100gm prote","Y",,false
"B4216","Parenteral nutrition additiv","Y",,false
"B4220","Parenteral supply kit premix","Y",,false
"C1765","Adhesion barrier","N",,false
"C1766","Intro/sheath,strble,non-peel","N",,false
"C1782","Morcellator","N",,false
"C1783","Ocular imp, aqueous drain de","N",,false
"C2616","Brachytx, non-str,yttrium-90","U",17091.57,false
"C2644","Brachytx cesium-131 chloride","E2",,false
"C8928","Tte w or w/o fol w/con,stres","S",680.82,false
"C8957","Prolonged iv inf, req pump","S",309.6,false
"C9041","Inj, coagulation factor Xa","G",291.5,true
"C9046","Cocaine hcl nasal solution","G",0.857,true
"C9047","Injection, caplacizumab-yhdp","G",689.385,true
"C9054","Injection, lefamulin","G",0.7038333333333334,true
"C9055","Inj, brexanolone","G",77.378,true
"C9132","Kcentra, per i.u.","K",2.007,true
"C9250","Artiss fibrin sealant","K",156.84184000000002,true
"C9257","Bevacizumab injection","K",2.016,true
"C9460","Injection, cangrelor","K",15.326,true
"C9462","Injection, delafloxacin","G",0.456,true
"C9482","Sotalol hydrochloride iv","K",9.9852,true
"C9488","Conivaptan hcl","G",31.372,true
"C9600","Perc drug-el cor stent sing","J1",9908.48,false
"C9602","Perc d-e cor stent ather s","J1",15939.97,false
"C9604","Perc d-e cor revasc t cabg s","J1",9908.48,false
"C9607","Perc d-e cor revasc chro sin","J1",15939.97,false
"C9734","U/s trtmt, not leiomyomata","J1",11900.71,false
"C9740","Cysto impl 4 or more","J1",8067.93,false
"C9751","Microwave bronch, 3d, ebus","T",8250.5,false
"C9752","Intraosseous des lumb/sacrum","J1",11900.71,false
"C9754","Perc av fistula, direct","J1",15939.97,false
"C9755","Rf magnetic-guide av fistula","J1",15939.97,false
"C9757","Spine/lumbar disk surgery","J1",11900.71,false
"C9758","Interatrial shunt IDE","T",12500.5,false
"D0171","Re-eval post-op visit","E1",,false
"D0270","Dental bitewing single image","S",975.07,false
"D0272","Dental bitewings two images","S",975.07,false
"D0273","Bitewings - three images","E1",,false
"D0274","Bitewings four images","S",975.07,false
"D0277","Vert bitewings 7 to 8 images","S",975.07,false
"D0310","Dental saliography","E1",,false
"D0320","Dental tmj arthrogram incl i","E1",,false
"D0321","Other tmj images by report","E1",,false
"D0322","Dental tomographic survey","E1",,false
"D0330","Panoramic image","E1",,false
"D0340","2d cephalometric image","E1",,false
"D0350","Oral/facial photo images","E1",,false
"D0351","3d photographic image","E1",,false
"D0364","Cone beam ct capt & interp","E1",,false
"D0365","Cone beam ct interprete man","E1",,false
"D0366","Cone beam ct interprete max","E1",,false
"D0367","Cone beam ct interp both jaw","E1",,false
"D0368","Cone beam ct interprete tmj","E1",,false
"D0369","Max mri capture & interprete","E1",,false
"D0370","Max ultrasound capt & interp","E1",,false
"D0371","Sialoendoscopy capt & interp","E1",,false
"D0380","Cone beam ct capture limited","E1",,false
"D0381","Cone beam ct capt mandible","E1",,false
"D0382","Cone beam ct capt maxilla","E1",,false
"D0383","Cone beam ct both jaws","E1",,false
"D0384","Cone beam ct capture tmj","E1",,false
"D0385","Max mri image capture","E1",,false
"D0386","Max ultrasound image capture","E1",,false
"D0391","Imterprete diagnostic image","E1",,false
"D0393","Trtmnt simulation 3d image","E1",,false
"D0394","Digital sub 2 or more images","E1",,false
"D0395","Fusion 2 or more 3d images","E1",,false
"D0411","Hba1c in office testing","E1",,false
"D0412","Blood glucose level test","E1",,false
"D0414","Lab process microbial spec","E1",,false
"D0415","Collection of microorganisms","E1",,false
"D0416","Viral culture","B",,false
"D0417","Collect & prep saliva sample","E1",,false
"D0418","Analysis of saliva sample","E1",,false
"D0419","Assess of salivary flow","E1",,false
"D0431","Diag tst detect mucos abnorm","B",,false
"D0460","Pulp vitality test","S",975.07,false
"D1510","Space maintainer fxd unilat","S",975.07,false
"D1516","Fixed bilat space maint, max","S",975.07,false
"D1517","Fixed bilat space maint, man","S",975.07,false
"D1520","Remove unilat space maintain","S",975.07,false
"D1526","Remove bilat space main, max","S",975.07,false
"D1527","Remove bilat space main, man","S",975.07,false
"D1551","Recement space maint - max","S",975.07,false
"D1552","Recement space maint - man","S",975.07,false
"D1553","Recement unilat space maint","S",975.07,false
"D1556","Rem fixed unilat space maint","E1",,false
"D1557","Remove fixed bilat maint max","E1",,false
"D1558","Remove fixed bilat man","E1",,false
"D1575","Dist space maint, fixed unil","S",975.07,false
"D1999","Unspecified preventive proc","E1",,false
"D2140","Amalgam one surface permanen","E1",,false
"D2150","Amalgam two surfaces permane","E1",,false
"D2160","Amalgam three surfaces perma","E1",,false
"D2161","Amalgam 4 or > surfaces perm","E1",,false
"D2330","Resin one surface-anterior","E1",,false
"D2331","Resin two surfaces-anterior","E1",,false
"D2332","Resin three surfaces-anterio","E1",,false
"D2335","Resin 4/> surf or w incis an","E1",,false
"D2390","Ant resin-based cmpst crown","E1",,false
"D2391","Post 1 srfc resinbased cmpst","E1",,false
"D2392","Post 2 srfc resinbased cmpst","E1",,false
"D2393","Post 3 srfc resinbased cmpst","E1",,false
"D2394","Post >=4srfc resinbase cmpst","E1",,false
"D2620","Inlay porcelain/ceramic 2 su","E1",,false
"D2630","Dental onlay porc 3/more sur","E1",,false
"D2642","Dental onlay porcelin 2 surf","E1",,false
"D2643","Dental onlay porcelin 3 surf","E1",,false
"D2644","Dental onlay porc 4/more sur","E1",,false
"D2650","Inlay composite/resin one su","E1",,false
"D2651","Inlay composite/resin two su","E1",,false
"D2652","Dental inlay resin 3/mre sur","E1",,false
"D2662","Dental onlay resin 2 surface","E1",,false
"D2663","Dental onlay resin 3 surface","E1",,false
"D2664","Dental onlay resin 4/mre sur","E1",,false
"D2710","Crown resin-based indirect","E1",,false
"D2712","Crown 3/4 resin-based compos","E1",,false
"D2720","Crown resin w/ high noble me","E1",,false
"D2721","Crown resin w/ base metal","E1",,false
"D2722","Crown resin w/ noble metal","E1",,false
"D2740","Crown porcelain/ceramic","E1",,false
"D2750","Crown porcelain w/ h noble m","E1",,false
"D2751","Crown porcelain fused base m","E1",,false
"D2752","Crown porcelain w/ noble met","E1",,false
"D2753","Crown porc fused to titanium","E1",,false
"D2780","Crown 3/4 cast hi noble met","E1",,false
"D2781","Crown 3/4 cast base metal","E1",,false
"D2782","Crown 3/4 cast noble metal","E1",,false
"D2783","Crown 3/4 porcelain/ceramic","E1",,false
"D2790","Crown full cast high noble m","E1",,false
"D2791","Crown full cast base metal","E1",,false
"D2792","Crown full cast noble metal","E1",,false
"D2794","Crown-titanium","E1",,false
"D2799","Provisional crown","E1",,false
"D2910","Recement inlay onlay or part","E1",,false
"D2915","Recement cast or prefab post","E1",,false
"D2920","Re-cement or re-bond crown","E1",,false
"D2929","Prefab porc/ceram crown pri","E1",,false
"D2930","Prefab stnlss steel crwn pri","E1",,false
"D2957","Each addtnl prefab post","E1",,false
"D2960","Laminate labial veneer","E1",,false
"D4355","Full mouth debridement","S",975.07,false
"D5110","Dentures complete maxillary","E1",,false
"D5120","Dentures complete mandible","E1",,false
"D5214","Dentures mandibl part metal","E1",,false
"D5221","Immed max part denture resin","E1",,false
"D5222","Immed man part denture resin","E1",,false
"D5223","Immed max part dent metal","E1",,false
"D5224","Immed mand part dent metal","E1",,false
"D5225","Maxillary part denture flex","E1",,false
"D5226","Mandibular part denture flex","E1",,false
"D5282","Remove unil part denture,max","E1",,false
"D5283","Remove unil part denture,man","E1",,false
"D5284","Rem unilat dent flex base","E1",,false
"D5286","Rem unilat dent 1 pc resin","E1",,false
"D5410","Dentures adjust cmplt maxil","E1",,false
"D5411","Dentures adjust cmplt mand","E1",,false
"D5421","Dentures adjust part maxill","E1",,false
"D5422","Dentures adjust part mandbl","E1",,false
"D5511","Rep broke comp dent base man","E1",,false
"D5512","Rep broke comp dent base max","E1",,false
"D5520","Replace denture teeth complt","E1",,false
"D5611","Rep resin part dent base man","E1",,false
"D5612","Rep resin part dent base max","E1",,false
"D5621","Rep cast part frame man","E1",,false
"D5622","Rep cast part frame max","E1",,false
"D5630","Rep partial denture clasp","E1",,false
"D5640","Replace part denture teeth","E1",,false
"D5650","Add tooth to partial denture","E1",,false
"D5660","Add clasp to partial denture","E1",,false
"D5670","Replc tth&acrlc on mtl frmwk","E1",,false
"D5671","Replc tth&acrlc mandibular","E1",,false
"D5710","Dentures rebase cmplt maxil","E1",,false
"D5711","Dentures rebase cmplt mand","E1",,false
"D5720","Dentures rebase part maxill","E1",,false
"D5721","Dentures rebase part mandbl","E1",,false
"D5730","Denture reln cmplt maxil ch","E1",,false
"D5731","Denture reln cmplt mand chr","E1",,false
"D5740","Denture reln part maxil chr","E1",,false
"D5741","Denture reln part mand chr","E1",,false
"D5750","Denture reln cmplt max lab","E1",,false
"D5751","Denture reln cmplt mand lab","E1",,false
"D5760","Denture reln part maxil lab","E1",,false
"D5761","Denture reln part mand lab","E1",,false
"D6056","Prefabricated abutment","E1",,false
"D6066","Implant supported mtl crown","E1",,false
"D6067","Implant supported mtl crown","E1",,false
"D6068","Abutment supported retainer","E1",,false
"D6069","Abutment supported retainer","E1",,false
"D6070","Abutment supported retainer","E1",,false
"D6071","Abutment supported retainer","E1",,false
"D6072","Abutment supported retainer","E1",,false
"D6073","Abutment supported retainer","E1",,false
"D6074","Abutment supported retainer","E1",,false
"D6075","Implant supported retainer","E1",,false
"D6076","Implant supported retainer","E1",,false
"D6077","Implant supported retainer","E1",,false
"D6080","Implant maintenance","E1",,false
"D6081","Scale & debride, single imp","E1",,false
"D6082","Imp crown porc to base alloy","E1",,false
"D6083","Imp crown porc to noble allo","E1",,false
"D6084","Imp crown porc to titanium","E1",,false
"D6085","Provisional implant crown","E1",,false
"D6086","Imp crown base alloys","E1",,false
"D6087","Implant crown noble alloys","E1",,false
"D6088","Imp crown titanium alloys","E1",,false
"D6090","Repair implant","E1",,false
"D6091","Repl semi/precision attach","E1",,false
"D6092","Recement supp crown","E1",,false
"D6093","Recement supp part denture","E1",,false
"D6094","Abut support crown titanium","E1",,false
"D6095","Odontics repr abutment","E1",,false
"D6096","Remove broken imp ret screw","E1",,false
"D6097","Abut crown porc to titanium","E1",,false
"D6098","Imp retain porc to base allo","E1",,false
"D6099","Imp retainer for FPD","E1",,false
"D6100","Removal of implant","E1",,false
"D6101","Debridement of a periimplant","E1",,false
"D6102","Debridement & contouring","E1",,false
"D6103","Bone graft repair perimplant","E1",,false
"D6104","Bone graft time of implant","E1",,false
"D6110","Implnt/abut remov dent max","E1",,false
"D6111","Implnt/abut remov dent mand","E1",,false
"D6112","Imp/abut rem dent part max","E1",,false
"D6113","Imp/abut rem dent part mand","E1",,false
"D6607","Cst noble mtl inlay >=3 surf","E1",,false
"D6608","Onlay porc/crmc 2 surfaces","E1",,false
"D6609","Onlay porc/crmc >=3 surfaces","E1",,false
"D6610","Onlay cst hgh nbl mtl 2 srfc","E1",,false
"D6611","Onlay cst hgh nbl mtl >=3srf","E1",,false
"D6612","Onlay cst base mtl 2 surface","E1",,false
"D6613","Onlay cst base mtl >=3 surfa","E1",,false
"D6614","Onlay cst nbl mtl 2 surfaces","E1",,false
"D6615","Onlay cst nbl mtl >=3 surfac","E1",,false
"D6624","Inlay titanium","E1",,false
"D6634","Onlay titanium","E1",,false
"D6710","Crown-indirect resin based","E1",,false
"D6720","Retain crown resin w hi nble","E1",,false
"D6721","Crown resin w/base metal","E1",,false
"D6722","Crown resin w/noble metal","E1",,false
"D6740","Crown porcelain/ceramic","E1",,false
"D6750","Crown porcelain high noble","E1",,false
"D6751","Crown porcelain base metal","E1",,false
"D6752","Crown porcelain noble metal","E1",,false
"D6753","Retain crown porc to titaniu","E1",,false
"D6780","Crown 3/4 high noble metal","E1",,false
"D6781","Crown 3/4 cast based metal","E1",,false
"D6782","Crown 3/4 cast noble metal","E1",,false
"D6783","Crown 3/4 porcelain/ceramic","E1",,false
"D6784","Retainer crown 3/4 titanium","E1",,false
"D6790","Crown full high noble metal","E1",,false
"D6791","Crown full base metal cast","E1",,false
"D6792","Crown full noble metal cast","E1",,false
"D6793","Provisional retainer crown","E1",,false
"D7210","Rem imp tooth w mucoper flp","S",975.07,false
"D7220","Impact tooth remov soft tiss","S",975.07,false
"D7230","Impact tooth remov part bony","S",975.07,false
"D7240","Impact tooth remov comp bony","S",975.07,false
"D7241","Impact tooth rem bony w/comp","S",975.07,false
"D7250","Tooth root removal","S",975.07,false
"D7251","Coronectomy","E1",,false
"D7260","Oral antral fistula closure","S",975.07,false
"D7261","Primary closure sinus perf","S",975.07,false
"D7270","Tooth reimplantation","E1",,false
"D7272","Tooth transplantation","E1",,false
"D7280","Exposure of unerupted tooth","E1",,false
"D7282","Mobilize erupted/malpos toot","E1",,false
"D7283","Place device impacted tooth","B",,false
"D7285","Biopsy of oral tissue hard","E1",,false
"D7286","Biopsy of oral tissue soft","E1",,false
"D7287","Exfoliative cytolog collect","E1",,false
"D7288","Brush biopsy","B",,false
"D7290","Repositioning of teeth","E1",,false
"D7291","Transseptal fiberotomy","S",975.07,false
"D7292","Screw retained plate","E1",,false
"D7293","Temp anchorage dev w flap","E1",,false
"D7294","Temp anchorage dev w/o flap","E1",,false
"D7295","Bone harvest,auto graft proc","E1",,false
"D7296","Corticotomy, 1-3 teeth","E1",,false
"D7297","Corticotomy, 4 or more teeth","E1",,false
"D7310","Alveoplasty w/ extraction","E1",,false
"D7311","Alveoloplasty w/extract 1-3","E1",,false
"D7320","Alveoplasty w/o extraction","E1",,false
"D7321","Alveoloplasty not w/extracts","B",,false
"D7340","Vestibuloplasty ridge extens","E1",,false
"D7350","Vestibuloplasty exten graft","E1",,false
"D7410","Rad exc lesion up to 1.25 cm","E1",,false
"D8030","Limited dental tx adolescent","E1",,false
"D8040","Limited dental tx adult","E1",,false
"D8210","Orthodontic rem appliance tx","E1",,false
"D8220","Fixed appliance therapy habt","E1",,false
"D8660","Preorthodontic tx visit","E1",,false
"D8670","Periodic orthodontc tx visit","E1",,false
"D8680","Orthodontic retention","E1",,false
"D8681","Removable retainer adjust","E1",,false
"D8690","Orthodontic treatment","E1",,false
"D8695","Remove fixed ortho appliance","E1",,false
"D8696","Rep of ortho appliance max","E1",,false
"D8697","Rep of ortho appliance man","E1",,false
"D8698","Recement fixed retainer max","E1",,false
"D8699","Recement fixed retainer man","E1",,false
"D8701","Repair fixed retainer max","E1",,false
"D8702","Repair of fixed retainer man","E1",,false
"D8703","Replace broken retainer max","E1",,false
"D8704","Replace broken retainer man","E1",,false
"D8999","Orthodontic procedure","E1",,false
"D9110","Tx dental pain minor proc","N",,false
"D9120","Fix partial denture section","E1",,false
"D9130","Temporomandibular joint dysf","E1",,false
"D9210","Dent anesthesia w/o surgery","E1",,false
"D9211","Regional block anesthesia","E1",,false
"D9212","Trigeminal block anesthesia","E1",,false
"D9215","Local anesthesia","E1",,false
"D9219","Eval mod/deep sed/gen anest","E1",,false
"D9222","Deep anest, 1st 15 min","E1",,false
"D9223","General anesth ea addl 15 mi","E1",,false
"D9230","Analgesia","N",,false
"D9239","Iv mod sedation, 1st 15 min","E1",,false
"D9243","Iv sedation ea addl 15m","E1",,false
"D9248","Sedation (non-iv)","N",,false
"D9310","Dental consultation","E1",,false
"D9311","Consult w/med hlth care prof","E1",,false
"D9410","Dental house call","E1",,false
"D9420","Hospital/asc call","E1",,false
"D9430","Office visit during hours","E1",,false
"E0465","Home vent invasive interface","Y",,false
"E0466","Home vent non-invasive inter","Y",,false
"E0467","Home vent multi-function","Y",,false
"E0639","Moveable patient lift system","E1",,false
"E0640","Fixed patient lift system","E1",,false
"E0641","Multi-position stnd fram sys","E1",,false
"E0642","Dynamic standing frame","E1",,false
"E0657","Segmental pneumatic chest","Y",,false
"E0667","Seg pneumatic appl full leg","Y",,false
"E0769","Electric wound treatment dev","B",,false
"E0770","Functional electric stim nos","Y",,false
"E0849","Cervical pneum trac equip","Y",,false
"E1039","Transport chair pt wt >300lb","Y",,false
"E1229","Pediatric wheelchair nos","Y",,false
"E1239","Ped power wheelchair nos","Y",,false
"E1372","Oxy suppl heater for nebuliz","Y",,false
"E1841","Static str shldr dev rom adj","Y",,false
"E2205","Manual wc accessory, handrim","Y",,false
"E2206","Man wc whl lock comp repl ea","Y",,false
"E2207","Crutch and cane holder","Y",,false
"E2208","Cylinder tank carrier","Y",,false
"E2209","Arm trough each","Y",,false
"E2210","Wheelchair bearings","Y",,false
"E2211","Pneumatic propulsion tire","Y",,false
"E2212","Pneumatic prop tire tube","Y",,false
"E2213","Pneumatic prop tire insert","Y",,false
"E2214","Pneumatic caster tire each","Y",,false
"E2215","Pneumatic caster tire tube","Y",,false
"E2216","Foam filled propulsion tire","Y",,false
"E2217","Foam filled caster tire each","Y",,false
"E2218","Foam propulsion tire each","Y",,false
"E2219","Foam caster tire any size ea","Y",,false
"E2220","Solid propuls tire, repl, ea","Y",,false
"E2221","Solid caster tire repl, each","Y",,false
"E2222","Solid caster integ whl, repl","Y",,false
"E2224","Propulsion whl excl tire rep","Y",,false
"E2225","Caster wheel excludes tire","Y",,false
"E2226","Caster fork replacement only","Y",,false
"E2227","Gear reduction drive wheel","Y",,false
"E2228","Mwc acc, wheelchair brake","Y",,false
"E2230","Manual standing system","Y",,false
"E2231","Solid seat support base","Y",,false
"E2291","Planar back for ped size wc","Y",,false
"E2292","Planar seat for ped size wc","Y",,false
"E2293","Contour back for ped size wc","Y",,false
"E2294","Contour seat for ped size wc","Y",,false
"E2295","Ped dynamic seating frame","Y",,false
"E2368","Pwr wc drivewheel motor repl","Y",,false
"E2369","Pwr wc drivewheel gear repl","Y",,false
"E2370","Pwr wc dr wh motor/gear comb","Y",,false
"E2371","Gr27 sealed leadacid battery","Y",,false
"E2372","Gr27 non-sealed leadacid","Y",,false
"E2373","Hand/chin ctrl spec joystick","Y",,false
"E2374","Hand/chin ctrl std joystick","Y",,false
"E2375","Non-expandable controller","Y",,false
"E2376","Expandable controller, repl","Y",,false
"E2377","Expandable controller, initl","Y",,false
"E2378","Pw actuator replacement","Y",,false
"E2381","Pneum drive wheel tire","Y",,false
"E2382","Tube, pneum wheel drive tire","Y",,false
"E2383","Insert, pneum wheel drive","Y",,false
"E2384","Pneumatic caster tire","Y",,false
"E2385","Tube, pneumatic caster tire","Y",,false
"E2386","Foam filled drive wheel tire","Y",,false
"E2387","Foam filled caster tire","Y",,false
"E2388","Foam drive wheel tire","Y",,false
"E2389","Foam caster tire","Y",,false
"E2390","Solid drive wheel tire","Y",,false
"E2391","Solid caster tire","Y",,false
"E2392","Solid caster tire, integrate","Y",,false
"E2394","Drive wheel excludes tire","Y",,false
"E2395","Caster wheel excludes tire","Y",,false
"E2396","Caster fork","Y",,false
"E2397","Pwc acc, lith-based battery","Y",,false
"E2398","Wc dynamic pos back hardware","Y",,false
"E2601","Gen w/c cushion wdth < 22 in","Y",,false
"E2602","Gen w/c cushion wdth >=22 in","Y",,false
"E2603","Skin protect wc cus wd <22in","Y",,false
"E2604","Skin protect wc cus wd>=22in","Y",,false
"E2605","Position wc cush wdth <22 in","Y",,false
"E2606","Position wc cush wdth>=22 in","Y",,false
"E2607","Skin pro/pos wc cus wd <22in","Y",,false
"E2608","Skin pro/pos wc cus wd>=22in","Y",,false
"E2609","Custom fabricate w/c cushion","Y",,false
"E2610","Powered w/c cushion","B",,false
"E2611","Gen use back cush wdth <22in","Y",,false
"E2612","Gen use back cush wdth>=22in","Y",,false
"E2613","Position back cush wd <22in","Y",,false
"E2614","Position back cush wd>=22in","Y",,false
"E2615","Pos back post/lat wdth <22in","Y",,false
"E2616","Pos back post/lat wdth>=22in","Y",,false
"E2617","Custom fab w/c back cushion","Y",,false
"E2619","Replace cover w/c seat cush","Y",,false
"E2620","Wc planar back cush wd <22in","Y",,false
"E2621","Wc planar back cush wd>=22in","Y",,false
"E2622","Adj skin pro w/c cus wd<22in","Y",,false
"E2623","Adj skin pro wc cus wd>=22in","Y",,false
"E2624","Adj skin pro/pos cus<22in","Y",,false
"E2625","Adj skin pro/pos wc cus>=22","Y",,false
"E2626","Seo mobile arm sup att to wc","Y",,false
"E2627","Arm supp att to wc rancho ty","Y",,false
"E2628","Mobile arm supports reclinin","Y",,false
"E2629","Friction dampening arm supp","Y",,false
"E2630","Monosuspension arm/hand supp","Y",,false
"E2631","Elevat proximal arm support","Y",,false
"E2632","Offset/lat rocker arm w/ela","Y",,false
"E2633","Mobile arm support supinator","Y",,false
"E8000","Posterior gait trainer","E1",,false
"E8001","Upright gait trainer","E1",,false
"E8002","Anterior gait trainer","E1",,false
"G0328","Fecal blood scrn immunoassay","A",,false
"G0329","Electromagntic tx for ulcers","A",,false
"G0337","Hospice evaluation preelecti","B",,false
"G0372","Md service required for pmd","M",,false
"G0378","Hospital observation per hr","N",,false
"G0379","Direct refer hospital observ","J2",504.51,false
"G0402","Initial preventive exam","V",115.93,false
"G0404","Ekg tracing for initial prev","S",22.99,true
"G0446","Intens behave ther cardio dx","S",27.32,false
"G0447","Behavior counsel obesity 15m","S",78.54,false
"G0448","Place perm pacing cardiovert","B",,false
"G0467","Fqhc visit, estab pt","A",,false
"G0500","Mod sedat endo service >5yrs","N",,false
"G0501","Resource-inten svc during ov","N",,false
"G0506","Comp asses care plan ccm svc","N",,false
"G0508","Crit care telehea consult 60","B",,false
"G0509","Crit care telehea consult 50","B",,false
"G0511","Ccm/bhi by rhc/fqhc 20min mo","A",,false
"G0512","Cocm by rhc/fqhc 60 min mo","A",,false
"G0513","Prolong prev svcs, first 30m","N",,false
"G0514","Prolong prev svcs, addl 30m","N",,false
"G0659","Drug test def simple all cl","Q4",,false
"G0916","Satisfy with care","M",,false
"G2014","Post-d/c care plan overs 30m","B",,false
"G8559","Pt ref doc oto eval","M",,false
"G8659","Rafscrs lbi scor >= 0","M",,false
"G8731","Pain neg no plan","M",,false
"G8872","Intraop image confirm excise","M",,false
"G8873","Specimen not intraop image","M",,false
"G8874","Tissue not image intraop","M",,false
"G8913","Pt doc no wrong event","M",,false
"G8914","Pt trans to hosp post d/c","M",,false
"G8915","Pt not trans to hosp at d/c","M",,false
"G8967","Warf or other fda drug presc","M",,false
"G9124","Onc dx cml acceler phase","M",,false
"G9125","Onc dx cml blast phase","M",,false
"G9126","Onc dx cml remission","M",,false
"G9128","Onc dx multi myeloma stage i","M",,false
"G9129","Onc dx mult myeloma stg2 hig","M",,false
"G9130","Onc dx multi myeloma unknown","M",,false
"G9131","Onc dx brst unknown nos","M",,false
"G9132","Onc dx prostate mets no cast","M",,false
"G9198","No order for ceph no reason","M",,false
"G9230","Norsn for gc chl syp test","M",,false
"G9231","Doc esrd dia trans preg","M",,false
"G9232","Ptrsn no comm comorbid","M",,false
"G9239","Doc rsn hemod & cath acc","M",,false
"G9262","Doc of death post-aaa repair","M",,false
"G9263","Doc of disch post-aaa repair","M",,false
"G9268","Doc comp or mort w in 90d","M",,false
"G9306","Interv req for leak","M",,false
"G9350","No doc sinus ct 28d or dx","M",,false
"G9351","Doc >1 sinus ct w 90d dx","M",,false
"G9352","Not >1 sinus ct w 90d dx","M",,false
"G9457","Pt no abd img no doc rsn","M",,false
"G9458","Tob user recd cess interv","M",,false
"G9459","Tob non-user","M",,false
"G9654","Mon anesth care","M",,false
"G9655","Toc tool incl key elem","M",,false
"G9656","Pt trans from anest to pacu","M",,false
"G9658","Toc tool incl elem not used","M",,false
"G9659",">85y no hx colo ca/rsn scope","M",,false
"G9660","Doc med rsn scope pt >85y","M",,false
"G9661",">85y scope othr rsn","M",,false
"G9662","Prior dx/active clin ascvd","M",,false
"G9706","Low recur prost ca","M",,false
"G9707","Pt had hosp dur msmt per","M",,false
"G9718","Hospice anytime msmt per","M",,false
"G9727","Pt unable cmplt knee FS PROM","M",,false
"G9728","Refused to participate","M",,false
"G9729","Pt unbl cmplt hip FS PROM","M",,false
"G9730","Refused to participate","M",,false
"G9747","Pall dialysis with catheter","M",,false
"G9748","App transpl lvg kidney donor","M",,false
"G9753","Doc no dicom, ct other fac","M",,false
"G9773","1 bod temp >=35.5","M",,false
"G9774","Pt had hyst","M",,false
"G9786","Path report not sent","M",,false
"G9817","No death 30-days post-disch","M",,false
"G9818","Doc sex activity","M",,false
"G9823","Endo smpl/hyst bx res doc","M",,false
"J0121","Inj., omadacycline, 1 mg","G",3.443,true
"J0122","Inj., eravacycline, 1 mg","K",1.018,true
"J0129","Abatacept injection","K",54.849,true
"J0135","Adalimumab injection","K",1371.1338500000002,true
"J0178","Aflibercept injection","K",945.029,true
"J0179","Inj, brolucizumab-dbll, 1 mg","K",317.5833333333333,true
"J0180","Agalsidase beta injection","K",183.745,true
"J0185","Inj., aprepitant, 1 mg","G",2.087,true
"J0202","Injection, alemtuzumab","K",1949.17,true
"J0207","Amifostine","K",1011.889,true
"J0220","Alglucosidase alfa injection","K",73.81,true
"J0221","Lumizyme injection","K",171.209,true
"J0222","Inj., patisiran, 0.1 mg","G",98.346,true
"J0256","Alpha 1 proteinase inhibitor","K",4.451,true
"J0257","Glassia injection","K",4.855,true
"J0287","Amphotericin b lipid complex","K",9.058,true
"J0289","Amphotericin b liposome inj","K",26.726,true
"J0291","Inj., plazomicin, 5 mg","G",3.339,true
"J0300","Amobarbital 125 mg inj","K",95.16,true
"J0401","Inj aripiprazole ext rel 1mg","K",5.702,true
"J0475","Baclofen 10 mg injection","K",173.6,true
"J0480","Basiliximab","K",3808.08,true
"J0485","Belatacept injection","K",3.772,true
"J0490","Belimumab injection","K",45.491,true
"J0517","Inj., benralizumab, 1 mg","G",170.491,true
"J0558","Peng benzathine/procaine inj","K",10.866,true
"J0561","Penicillin g benzathine inj","K",13.764,true
"J0565","Inj, bezlotoxumab, 10 mg","G",39.787,true
"J0567","Inj., cerliponase alfa 1 mg","G",93.492,true
"J0570","Buprenorphine implant 74.2mg","K",1211.27,true
"J0584","Injection, burosumab-twza 1m","K",353.285,true
"J0585","Injection,onabotulinumtoxina","K",6.122,true
"J0586","Abobotulinumtoxina","K",8.402,true
"J0587","Inj, rimabotulinumtoxinb","K",11.988,true
"J0588","Incobotulinumtoxin a","K",5.011,true
"J0593","Inj., lanadelumab-flyo, 1 mg","K",76.356,true
"J0594","Busulfan injection","K",4.894,true
"J0596","Injection, ruconest","K",28.077,true
"J0597","C-1 esterase, berinert","K",51.321,true
"J0598","C-1 esterase, cinryze","K",56.482,true
"J0599","Inj., haegarda 10 units","G",9.667,true
"J0600","Edetate calcium disodium inj","K",5594.422,true
"J0606","Inj, etelcalcetide, 0.1 mg","K",2.446,true
"J0630","Calcitonin salmon injection","K",2656.481,true
"J0638","Canakinumab injection","K",111.002,true
"J0641","Inj levoleucovorin nos 0.5mg","K",0.166,true
"J0642","Injection, khapzory, 0.5 mg","G",2.006,true
"J0695","Inj ceftolozane tazobactam","K",5.925,true
"J0712","Ceftaroline fosamil inj","K",3.178,true
"J0714","Ceftazidime and avibactam","K",92.026,true
"J0716","Centruroides immune f(ab)","K",4822.432,true
"J0717","Certolizumab pegol inj 1mg","K",8.207,true
"J0740","Cidofovir injection","K",633.402,true
"J0775","Collagenase, clost hist inj","K",48.727,true
"J0795","Corticorelin ovine triflutal","K",9.239,true
"J0800","Corticotropin injection","K",3923.782,true
"J0840","Crotalidae poly immune fab","K",3284.716,true
"J0841","Inj crotalidae im f(ab')2 eq","K",1260.963,true
"J0850","Cytomegalovirus imm iv /vial","K",1129.154,true
"J0875","Injection, dalbavancin","K",15.057,true
"J0878","Daptomycin injection","K",0.294,true
"J0881","Darbepoetin alfa, non-esrd","K",3.82,true
"J0882","Darbepoetin alfa, esrd use","K",3.82,true
"J0883","Argatroban nonesrd use 1mg","K",1.218,true
"J0884","Argatroban esrd dialysis 1mg","K",1.218,true
"J0885","Epoetin alfa, non-esrd","K",10.564,true
"J0894","Decitabine injection","K",4.303,true
"J0897","Denosumab injection","K",19.278,true
"J1095","Injection, dexamethasone 9%","G",1.209,true
"J1096","Dexametha opth insert 0.1 mg","G",135.64,true
"J1097","Phenylep ketorolac opth soln","G",109.697,true
"J1162","Digoxin immune fab (ovine)","K",3780.193,true
"J1190","Dexrazoxane hcl injection","K",197.523,true
"J1205","Chlorothiazide sodium inj","N",,false
"J1212","Dimethyl sulfoxide 50% 50 ml","K",616.785,true
"J1267","Doripenem injection","K",0.8849092000000001,true
"J1290","Ecallantide injection","K",497.053,true
"J1300","Eculizumab injection","K",230.479,true
"J1301","Injection, edaravone, 1 mg","G",19.486,true
"J1303","Inj., ravulizumab-cwvz 10 mg","G",226.275,true
"J1322","Elosulfase alfa, injection","K",241.417,true
"J1324","Enfuvirtide injection","E2",,false
"J1327","Eptifibatide injection","K",3.356,true
"J1410","Inj estrogen conjugate 25 mg","K",308.704,true
"J1428","Inj, eteplirsen, 10 mg","G",167.348,true
"J1430","Ethanolamine oleate 100 mg","K",444.099,true
"J1438","Etanercept injection","K",685.5629500000001,true
"J1439","Inj ferric carboxymaltos 1mg","K",1.105,true
"J1442","Inj filgrastim excl biosimil","K",0.955,true
"J1447","Inj tbo filgrastim 1 microg","K",0.53,true
"J1451","Fomepizole, 15 mg","K",8.568,true
"J1453","Fosaprepitant injection","K",1.9801721631002975,true
"J1454","Inj fosnetupitant, palonoset","G",301.873,true
"J1455","Foscarnet sodium injection","K",82.26783666666667,true
"J1457","Gallium nitrate injection","E2",,false
"J1458","Galsulfase injection","K",397.86,true
"J1459","Inj ivig privigen 500 mg","K",40.844,true
"J1460","Gamma globulin 1 cc inj","K",40.854,true
"J1555","Inj cuvitru, 100 mg","K",14.01,true
"J1557","Gammaplex injection","K",46.226,true
"J1559","Hizentra injection","K",10.495,true
"J1560","Gamma globulin > 10 cc inj","K",408.542,true
"J1561","Gamunex-c/gammaked","K",40.347,true
"J1566","Immune globulin, powder","K",63.188,true
"J1568","Octagam injection","K",38.216,true
"J1569","Gammagard liquid injection","K",39.921,true
"J1571","Hepagam b im injection","K",58.961,true
"J1572","Flebogamma injection","K",35.773,true
"J1573","Hepagam b intravenous, inj","K",58.961,true
"J1575","Hyqvia 100mg immuneglobulin","K",14.635,true
"J1595","Injection glatiramer acetate","K",161.319,true
"J1602","Golimumab for iv use 1mg","K",20.659,true
"J1610","Glucagon hydrochloride/1 mg","K",217.564,true
"J1620","Gonadorelin hydroch/ 100 mcg","E2",,false
"J1627","Inj, granisetron, xr, 0.1 mg","G",1.645,true
"J1628","Inj., guselkumab, 1 mg","G",99.412,true
"J1640","Hemin, 1 mg","K",23.719,true
"J1670","Tetanus immune globulin inj","K",462.988,true
"J1726","Makena, 10 mg","K",20.112,true
"J1729","Inj hydroxyprogst capoat nos","K",10.81,true
"J1740","Ibandronate sodium injection","K",44.27,true
"J1742","Ibutilide fumarate injection","K",258.215,true
"J1743","Idursulfase injection","K",542.89,true
"J1744","Icatibant injection","K",371.794,true
"J1745","Infliximab not biosimil 10mg","K",57.346,true
"J1746","Inj., ibalizumab-uiyk, 10 mg","K",58.377,true
"J1750","Inj iron dextran","K",14.38,true
"J1786","Imuglucerase injection","K",42.636,true
"J1826","Interferon beta-1a inj","K",2276.61,true
"J1830","Interferon beta-1b / .25 mg","K",376.15,true
"J1833","Injection, isavuconazonium","K",0.791,true
"J1930","Lanreotide injection","K",63.654,true
"J1931","Laronidase injection","K",32.15,true
"J1943","Inj., aristada initio, 1 mg","G",2.774,true
"J1944","Aripirazole lauroxil 1 mg","K",2.734,true
"J1950","Leuprolide acetate /3.75 mg","K",1271.101,true
"J2182","Injection, mepolizumab, 1mg","K",29.289,true
"J2186","Inj., meropenem, vaborbactam","K",1.799,true
"J2265","Minocycline hydrochloride","K",1.814,true
"J2278","Ziconotide injection","K",7.913,true
"J2315","Naltrexone, depot form","K",3.235,true
"J2323","Natalizumab injection","K",20.902,true
"J2325","Nesiritide injection","K",74.80137333333334,true
"J2326","Inj, nusinersen, 0.1mg","G",1101.756,true
"J2350","Injection, ocrelizumab, 1 mg","G",57.417,true
"J2353","Octreotide injection, depot","K",206.085,true
"J2355","Oprelvekin injection","K",1.34,true
"J2357","Omalizumab injection","K",37.357,true
"J2407","Injection, oritavancin","K",23.76,true
"J2425","Palifermin injection","K",21.261,true
"J2426","Paliperidone palmitate inj","K",11.582,true
"J2469","Palonosetron hcl","N",,false
"J2502","Inj, pasireotide long acting","K",318.823,true
"J2504","Pegademase bovine, 25 iu","K",367.96133333333336,true
"J2505","Injection, pegfilgrastim 6mg","K",4257.097,true
"J2507","Pegloticase injection","K",2621.771,true
"J2515","Pentobarbital sodium inj","K",34.98,true
"J2547","Injection, peramivir","K",1.6783333333333332,true
"J2562","Plerixafor injection","K",347.726,true
"J2597","Inj desmopressin acetate","K",11.522,true
"J2724","Protein c concentrate","K",15.081,true
"J2760","Phentolaine mesylate inj","K",381.902,true
"J2770","Quinupristin/dalfopristin","K",417.771,true
"J2778","Ranibizumab injection","K",347.275,true
"J2783","Rasburicase","K",292.331,true
"J2786","Injection, reslizumab, 1mg","K",9.625,true
"J2792","Rho(d) immune globulin h, sd","K",29.786,true
"J2794","Risperidone, long acting","K",10.045,true
"J2796","Romiplostim injection","K",74.26,true
"J2797","Inj., rolapitant, 0.5 mg","G",0.9390390390390391,true
"J2798","Inj., perseris, 0.5 mg","G",9.839,true
"J2820","Sargramostim injection","K",43.504,true
"J2840","Inj sebelipase alfa 1 mg","K",541.13,true
"J2850","Inj secretin synthetic human","K",34.78125,true
"J2860","Injection, siltuximab","K",103.538,true
"J2941","Somatropin injection","K",84.13,true
"J2997","Alteplase recombinant","K",87.852,true
"J3031","Inj., fremanezumab-vfrm 1 mg","G",2.423,true
"J3060","Inj, taliglucerase alfa 10 u","K",39.963,true
"J3090","Inj tedizolid phosphate","K",1.547,true
"J3095","Telavancin injection","K",5.628,true
"J3101","Tenecteplase injection","K",125.419,true
"J3110","Teriparatide injection","B",,false
"J3111","Inj. romosozumab-aqqg 1 mg","G",9.086,true
"J3145","Testosterone undecanoate 1mg","K",1.45,true
"J3240","Thyrotropin injection","K",1700.41,true
"J3243","Tigecycline injection","K",1.635,true
"J3245","Inj., tildrakizumab, 1 mg","G",131.712,true
"J3246","Tirofiban hcl","K",6.342,true
"J3262","Tocilizumab injection","K",5.08,true
"J3285","Treprostinil injection","K",62.511,true
"J3304","Inj triamcinolone ace xr 1mg","G",18.88,true
"J3315","Triptorelin pamoate","K",263.743,true
"J3316","Inj., triptorelin xr 3.75 mg","G",2897.333,true
"J3357","Ustekinumab sub cu inj, 1 mg","K",190.357,true
"J3358","Ustekinumab, iv inject, 1 mg","G",11.932,true
"J3380","Injection, vedolizumab","K",20.242,true
"J3385","Velaglucerase alfa","K",345.417,true
"J3396","Verteporfin injection","K",11.111,true
"J3397","Inj., vestronidase alfa-vjbk","K",218.769,true
"J3398","Inj luxturna 1 billion vec g","G",2912.385,true
"J3570","Laetrile amygdalin vit b17","E1",,false
"J7120","Ringers lactate infusion","N",,false
"J7121","5% dextrose in lac ringers","N",,false
"J7131","Hypertonic saline sol","N",,false
"J7170","Inj., emicizumab-kxwh 0.5 mg","G",47.348,true
"J7175","Inj, factor x, (human), 1iu","K",7.519,true
"J7177","Inj., fibryga, 1 mg","K",2.244,true
"J7178","Inj human fibrinogen con nos","K",1.202,true
"J7179","Vonvendi inj 1 iu vwf:rco","K",1.898,true
"J7180","Factor xiii anti-hem factor","K",8.462,true
"J7181","Factor xiii recomb a-subunit","K",15.469,true
"J7182","Factor viii recomb novoeight","K",1.302,true
"J7183","Wilate injection","K",1.026,true
"J7185","Xyntha inj","K",1.256,true
"J7186","Antihemophilic viii/vwf comp","K",1.071,true
"J7187","Humate-p, inj","K",1.166,true
"J7188","Factor viii recomb obizur","K",3.183,true
"J7189","Factor viia","K",2.157,true
"J7190","Factor viii","K",1.104,true
"J7191","Factor viii (porcine)","E2",,false
"J7192","Factor viii recombinant nos","K",1.29,true
"J7193","Factor ix non-recombinant","K",1.168,true
"J7194","Factor ix complex","K",1.475,true
"J7195","Factor ix recombinant nos","K",1.528,true
"J7196","Antithrombin recombinant","K",103.35,true
"J7197","Antithrombin iii injection","K",3.279,true
"J7198","Anti-inhibitor","K",1.869,true
"J7200","Factor ix recombinan rixubis","K",1.325,true
"J7201","Factor ix alprolix recomb","K",3.139,true
"J7202","Factor ix idelvion inj","K",4.305,true
"J7203","Factor ix recomb gly rebinyn","G",3.956,true
"J7205","Factor viii fc fusion recomb","K",2.111,true
"J7207","Factor viii pegylated recomb","K",1.787,true
"J7208","Inj. jivi 1 iu","G",2.012,true
"J7209","Factor viii nuwiq recomb 1iu","K",1.207,true
"J7210","Inj, afstyla, 1 i.u.","K",1.363,true
"J7304","Contraceptive hormone patch","E1",,false
"J7306","Levonorgestrel implant sys","E1",,false
"J7307","Etonogestrel implant system","E1",,false
"J7308","Aminolevulinic acid hcl top","K",392.373,true
"J7311","Fluocinolone acetonide implt","K",341.552,true
"J7312","Dexamethasone intra implant","K",200.104,true
"J7313","Fluocinol acet intravit imp","K",490.812,true
"J7314","Inj., yutiq, 0.01 mg","K",491.1333333333333,true
"J7316","Inj, ocriplasmin, 0.125 mg","K",1046.927,true
"J7318","Inj, durolane 1 mg","G",17.225,true
"J7320","Genvisc 850, inj, 1mg","K",16.9176,true
"J7322","Hymovis injection 1 mg","K",31.6675,true
"J7323","Euflexxa inj per dose","K",144.694,true
"J7324","Orthovisc inj per dose","K",140.422,true
"J7325","Synvisc or synvisc-one","K",11.025,true
"J7326","Gel-one","K",1166.0,true
"J7327","Monovisc inj per dose","K",781.265,true
"J7328","Gelsyn-3 injection 0.1 mg","G",2.1767857142857143,true
"J7329","Inj, trivisc 1 mg","K",7.1952799999999995,true
"J7331","Synojoynt, inj., 1 mg","K",12.157,true
"J7332","Inj., triluron, 1 mg","K",25.1835,true
"J7336","Capsaicin 8% patch","K",3.2498464285714292,true
"J7340","Carbidopa levodopa ent 100ml","K",212.632,true
"J7342","Ciprofloxacin otic susp 6 mg","K",29.976,true
"J7345","Aminolevulinic acid, 10% gel","G",1.453,true
"J7501","Azathioprine parenteral","K",224.697,true
"J7504","Lymphocyte immune globulin","K",2060.038,true
"J7511","Antithymocyte globuln rabbit","K",765.737,true
"J7525","Tacrolimus injection","K",211.595,true
"J7611","Albuterol non-comp con","M",,false
"J7612","Levalbuterol non-comp con","M",,false
"J7613","Albuterol non-comp unit","M",,false
"J7614","Levalbuterol non-comp unit","M",,false
"J7615","Levalbuterol comp unit","M",,false
"J7649","Isoetharine non-comp unit","M",,false
"J7674","Methacholine chloride, neb","N",,false
"J7676","Pentamidine comp unit dose","M",,false
"J7677","Revefenacin inh non-com 1mcg","M",,false
"J8501","Oral aprepitant","N",,false
"J8510","Oral busulfan","K",24.828592000000004,true
"J8560","Etoposide oral 50 mg","K",75.267,true
"J8565","Gefitinib oral","E2",,false
"J8597","Antiemetic drug oral nos","N",,false
"J8655","Oral netupitant, palonosetro","K",246.916,true
"J8670","Rolapitant, oral, 1mg","K",2.08,true
"J9015","Aldesleukin injection","K",4964.616000000001,true
"J9017","Arsenic trioxide injection","K",44.074,true
"J9019","Erwinaze injection","K",414.824,true
"J9022","Inj, atezolizumab,10 mg","K",77.857,true
"J9023","Injection, avelumab, 10 mg","G",84.116,true
"J9025","Azacitidine injection","K",1.023,true
"J9027","Clofarabine injection","K",54.222,true
"J9030","Bcg live intravesical 1mg","K",2.825,true
"J9032","Injection, belinostat, 10mg","K",40.827,true
"J9033","Inj., treanda 1 mg","K",26.892,true
"J9034","Inj., bendeka 1 mg","K",21.725,true
"J9035","Bevacizumab injection","K",80.643,true
"J9036","Inj. belrapzo/bendamustine","G",23.874,true
"J9039","Injection, blinatumomab","K",113.344,true
"J9041","Inj., velcade 0.1 mg","K",44.855,true
"J9042","Brentuximab vedotin inj","K",169.374,true
"J9043","Cabazitaxel injection","K",176.042,true
"J9044","Inj, bortezomib, nos, 0.1 mg","K",22.704,true
"J9047","Injection, carfilzomib, 1 mg","K",37.54,true
"J9050","Carmustine injection","K",2618.621,true
"J9055","Cetuximab injection","K",63.206,true
"J9057","Inj., copanlisib, 1 mg","G",79.371,true
"J9065","Inj cladribine per 1 mg","K",20.18,true
"J9070","Cyclophosphamide 100 mg inj","K",33.235,true
"J9098","Cytarabine liposome inj","K",492.92,true
"J9100","Cytarabine hcl 100 mg inj","N",,false
"J9118","Inj. Calaspargase pegol-mknl","E2",,false
"J9119","Inj., cemiplimab-rwlc, 1 mg","G",27.434,true
"J9120","Dactinomycin injection","K",1106.455,true
"J9130","Dacarbazine 100 mg inj","N",,false
"J9145","Injection, daratumumab 10 mg","K",54.03,true
"J9150","Daunorubicin injection","K",48.395,true
"J9151","Daunorubicin citrate inj","N",,false
"J9153","Inj daunorubicin, cytarabine","G",195.416,true
"J9155","Degarelix injection","K",3.956,true
"J9160","Denileukin diftitox inj","E2",,false
"J9171","Docetaxel injection","K",0.965,true
"J9173","Inj., durvalumab, 10 mg","G",75.58,true
"J9176","Injection, elotuzumab, 1mg","K",6.582,true
"J9179","Eribulin mesylate injection","K",116.237,true
"J9202","Goserelin acetate implant","K",503.984,true
"J9203","Gemtuzumab ozogamicin 0.1 mg","G",199.552,true
"J9204","Inj mogamulizumab-kpkc, 1 mg","G",200.87,true
"J9205","Inj irinotecan liposome 1 mg","K",49.838,true
"J9207","Ixabepilone injection","K",96.073,true
"J9210","Inj., emapalumab-lzsg, 1 mg","G",786.732,true
"J9213","Interferon alfa-2a inj","K",407.24,true
"J9214","Interferon alfa-2b inj","K",34.209,true
"J9217","Leuprolide acetate suspnsion","K",230.074,true
"J9225","Vantas implant","K",4119.79,true
"J9226","Supprelin la implant","K",36674.535,true
"J9228","Ipilimumab injection","K",155.182,true
"J9229","Inj inotuzumab ozogam 0.1 mg","G",2273.76,true
"J9230","Mechlorethamine hcl inj","K",328.28995,true
"J9245","Inj melphalan hydrochl 50 mg","K",633.388,true
"J9261","Nelarabine injection","K",152.713,true
"J9262","Inj, omacetaxine mep, 0.01mg","K",2.906,true
"J9264","Paclitaxel protein bound","K",12.554,true
"J9266","Pegaspargase injection","K",17571.622,true
"J9268","Pentostatin injection","K",2109.352,true
"J9269","Inj. tagraxofusp-erzs 10 mcg","G",262.823,true
"J9271","Inj pembrolizumab","K",50.264,true
"J9280","Mitomycin injection","K",79.889,true
"J9285","Inj, olaratumab, 10 mg","G",52.165,true
"J9293","Mitoxantrone hydrochl / 5 mg","K",27.805,true
"J9295","Injection, necitumumab, 1 mg","K",5.744,true
"J9299","Injection, nivolumab","K",28.162,true
"J9301","Obinutuzumab inj","K",63.515,true
"J9302","Ofatumumab injection","K",60.081,true
"J9303","Panitumumab injection","K",118.518,true
"J9305","Pemetrexed injection","K",70.793,true
"J9306","Injection, pertuzumab, 1 mg","K",12.617,true
"J9307","Pralatrexate injection","K",295.523,true
"J9308","Injection, ramucirumab","K",59.67,true
"J9309","Inj, polatuzumab vedotin 1mg","G",113.383,true
"J9311","Inj rituximab, hyaluronidase","G",42.869,true
"J9312","Inj., rituximab, 10 mg","K",94.411,true
"J9313","Inj., lumoxiti, 0.01 mg","G",22.083,true
"J9315","Romidepsin injection","K",220.877,true
"J9320","Streptozocin injection","K",352.652,true
"J9325","Inj talimogene laherparepvec","K",51.438,true
"J9328","Temozolomide injection","K",10.392,true
"J9330","Temsirolimus injection","K",47.928,true
"J9340","Thiotepa injection","K",412.007,true
"J9352","Injection trabectedin 0.1mg","K",312.938,true
"J9354","Inj, ado-trastuzumab emt 1mg","K",32.107,true
"J9355","Trastuzumab injection","K",105.855,true
"J9356","Inj. herceptin hylecta, 10mg","G",79.181,true
"J9357","Valrubicin injection","K",1426.352,true
"J9371","Inj, vincristine sul lip 1mg","K",3075.827,true
"J9395","Injection, fulvestrant","K",84.957,true
"J9400","Inj, ziv-aflibercept, 1mg","K",8.395,true
"J9600","Porfimer sodium injection","K",21856.352,true
"K0001","Standard wheelchair","Y",,false
"K0002","Stnd hemi (low seat) whlchr","Y",,false
"K0003","Lightweight wheelchair","Y",,false
"K0004","High strength ltwt whlchr","Y",,false
"K0005","Ultralightweight wheelchair","Y",,false
"K0020","Fixed adjust armrest pair","Y",,false
"K0601","Repl batt silver oxide 1.5 v","Y",,false
"K0669","Seat/back cus no dmepdac ver","Y",,false
"K0672","Removable soft interface le","A",,false
"K0730","Ctrl dose inh drug deliv sys","Y",,false
"K0733","12-24hr sealed lead acid","Y",,false
"K0738","Portable gas oxygen system","Y",,false
"K0739","Repair/svc dme non-oxygen eq","Y",,false
"K0740","Repair/svc oxygen equipment","E1",,false
"K0743","Portable home suction pump","Y",,false
"K0744","Absorp drg <= 16 suc pump","A",,false
"K0745","Absorp drg >16<=48 suc pump","A",,false
"K0746","Absorp drg >48 suc pump","A",,false
"K0800","Pov group 1 std up to 300lbs","Y",,false
"K0801","Pov group 1 hd 301-450 lbs","Y",,false
"K0802","Pov group 1 vhd 451-600 lbs","Y",,false
"K0806","Pov group 2 std up to 300lbs","Y",,false
"K0807","Pov group 2 hd 301-450 lbs","Y",,false
"K0808","Pov group 2 vhd 451-600 lbs","Y",,false
"K0812","Power operated vehicle noc","Y",,false
"K0813","Pwc gp 1 std port seat/back","Y",,false
"K0814","Pwc gp 1 std port cap chair","Y",,false
"K0815","Pwc gp 1 std seat/back","Y",,false
"K0816","Pwc gp 1 std cap chair","Y",,false
"K0820","Pwc gp 2 std port seat/back","Y",,false
"K0821","Pwc gp 2 std port cap chair","Y",,false
"K0822","Pwc gp 2 std seat/back","Y",,false
"K0823","Pwc gp 2 std cap chair","Y",,false
"K0824","Pwc gp 2 hd seat/back","Y",,false
"K0825","Pwc gp 2 hd cap chair","Y",,false
"K0826","Pwc gp 2 vhd seat/back","Y",,false
"K0827","Pwc gp vhd cap chair","Y",,false
"K0828","Pwc gp 2 xtra hd seat/back","Y",,false
"K0829","Pwc gp 2 xtra hd cap chair","Y",,false
"K0830","Pwc gp2 std seat elevate s/b","Y",,false
"K0831","Pwc gp2 std seat elevate cap","Y",,false
"K0835","Pwc gp2 std sing pow opt s/b","Y",,false
"K0836","Pwc gp2 std sing pow opt cap","Y",,false
"K0837","Pwc gp 2 hd sing pow opt s/b","Y",,false
"K0838","Pwc gp 2 hd sing pow opt cap","Y",,false
"K0839","Pwc gp2 vhd sing pow opt s/b","Y",,false
"K0840","Pwc gp2 xhd sing pow opt s/b","Y",,false
"K0841","Pwc gp2 std mult pow opt s/b","Y",,false
"K0842","Pwc gp2 std mult pow opt cap","Y",,false
"K0843","Pwc gp2 hd mult pow opt s/b","Y",,false
"K0848","Pwc gp 3 std seat/back","Y",,false
"K0849","Pwc gp 3 std cap chair","Y",,false
"K0850","Pwc gp 3 hd seat/back","Y",,false
"K0851","Pwc gp 3 hd cap chair","Y",,false
"K0852","Pwc gp 3 vhd seat/back","Y",,false
"K0853","Pwc gp 3 vhd cap chair","Y",,false
"K0854","Pwc gp 3 xhd seat/back","Y",,false
"K0855","Pwc gp 3 xhd cap chair","Y",,false
"K0856","Pwc gp3 std sing pow opt s/b","Y",,false
"K0857","Pwc gp3 std sing pow opt cap","Y",,false
"K0858","Pwc gp3 hd sing pow opt s/b","Y",,false
"K0859","Pwc gp3 hd sing pow opt cap","Y",,false
"K0860","Pwc gp3 vhd sing pow opt s/b","Y",,false
"K0861","Pwc gp3 std mult pow opt s/b","Y",,false
"K0862","Pwc gp3 hd mult pow opt s/b","Y",,false
"K0863","Pwc gp3 vhd mult pow opt s/b","Y",,false
"K0864","Pwc gp3 xhd mult pow opt s/b","Y",,false
"K0868","Pwc gp 4 std seat/back","Y",,false
"K0869","Pwc gp 4 std cap chair","Y",,false
"K0870","Pwc gp 4 hd seat/back","Y",,false
"K0871","Pwc gp 4 vhd seat/back","Y",,false
"K0877","Pwc gp4 std sing pow opt s/b","Y",,false
"K0878","Pwc gp4 std sing pow opt cap","Y",,false
"K0879","Pwc gp4 hd sing pow opt s/b","Y",,false
"K0880","Pwc gp4 vhd sing pow opt s/b","Y",,false
"K0884","Pwc gp4 std mult pow opt s/b","Y",,false
"K0885","Pwc gp4 std mult pow opt cap","Y",,false
"K0886","Pwc gp4 hd mult pow s/b","Y",,false
"K0890","Pwc gp5 ped sing pow opt s/b","Y",,false
"K0891","Pwc gp5 ped mult pow opt s/b","Y",,false
"K0898","Power wheelchair noc","Y",,false
"K0899","Pow mobil dev no dmepdac","Y",,false
"K0900","Cstm dme other than wheelchr","Y",,false
"K1001","Electronic posa treatment","Y",,false
"K1002","CES system w/supplies access","E1",,false
"K1003","Whirlpool tub walkin portabl","Y",,false
"K1004","Lo freq us diathermy device","Y",,false
"K1005","Disp col sto bag breast milk","Y",,false
"L0112","Cranial cervical orthosis","A",,false
"L0113","Cranial cervical torticollis","A",,false
"L0120","Cerv flex n/adj foam pre ots","A",,false
"L0130","Flex thermoplastic collar mo","A",,false
"L0150","Cerv semi-rig adj molded chn","A",,false
"L0160","Cerv sr wire occ/man pre ots","A",,false
"L0170","Cervical collar molded to pt","A",,false
"L0172","Cerv col sr foam 2pc pre ots","A",,false
"L0174","Cerv sr 2pc thor ext pre ots","A",,false
"L0180","Cer post col occ/man sup adj","A",,false
"L0190","Cerv collar supp adj cerv ba","A",,false
"L1932","Afo rig ant tib prefab tcf/=","A",,false
"L2005","Kafo sng/dbl mechanical act","A",,false
"L2006","Kaf sng/dbl swg/stn mcpr cus","A",,false
"L2232","Rocker bottom, contact afo","A",,false
"L3918","Metacarp fx orthosis pre ots","A",,false
"L4002","Replace strap, any orthosis","A",,false
"L4030","Replace socket brim cust fit","A",,false
"L5685","Below knee sus/seal sleeve","A",,false
"L5856","Elec knee-shin swing/stance","A",,false
"L5857","Elec knee-shin swing only","A",,false
"L5858","Stance phase only","A",,false
"L5859","Knee-shin pro flex/ext cont","A",,false
"L6694","Elbow socket ins use w/lock","A",,false
"L6695","Elbow socket ins use w/o lck","A",,false
"L6696","Cus elbo skt in for con/atyp","A",,false
"L6697","Cus elbo skt in not con/atyp","A",,false
"L6698","Below/above elbow lock mech","A",,false
"L7181","Electronic elbo simultaneous","A",,false
"L8515","Gel cap app device for trach","A",,false
"L8615","Coch implant headset replace","A",,false
"L8616","Coch implant microphone repl","A",,false
"L8617","Coch implant trans coil repl","A",,false
"L8618","Coch implant tran cable repl","A",,false
"L8621","Repl zinc air battery","A",,false
"L8622","Repl alkaline battery","A",,false
"L8623","Lith ion batt cid,non-earlvl","A",,false
"L8624","Lith ion batt cid, ear level","A",,false
"L8627","Cid ext speech process repl","A",,false
"L8628","Cid ext controller repl","A",,false
"L8629","Cid transmit coil and cable","A",,false
"P9041","Albumin (human),5%, 50ml","K",10.49,true
"P9045","Albumin (human), 5%, 250 ml","K",52.45,true
"P9046","Albumin (human), 25%, 20 ml","K",20.98,true
"P9047","Albumin (human), 25%, 50ml","K",52.45,true
"Q0138","Ferumoxytol, non-esrd","K",1.042,true
"Q0139","Ferumoxytol, esrd use","K",1.042,true
"Q2009","Fosphenytoin inj pe","K",1.38,true
"Q2017","Teniposide, 50 mg","K",2645.707,true
"Q2026","Radiesse injection","K",222.09,true
"Q2028","Inj, sculptra, 0.5mg","K",3.19,true
"Q2041","Axicabtagene ciloleucel car+","G",395380.0,true
"Q2042","Tisagenlecleucel car-pos t","G",426467.336,true
"Q2043","Sipuleucel-t auto cd54+","K",45942.628,true
"Q2049","Imported lipodox inj","K",482.06,true
"Q2050","Doxorubicin inj 10mg","K",295.518,true
"Q3027","Inj beta interferon im 1 mcg","K",53.559,true
"Q4195","Puraply 1 sq cm","G",119.987,true
"Q4196","Puraply am 1 sq cm","G",113.857,true
"Q5101","Injection, zarxio","K",0.551,true
"Q5103","Injection, inflectra","G",47.771,true
"Q5104","Injection, renflexis","G",51.75,true
"Q5105","Inj retacrit esrd on dialysi","G",0.932502700042109,true
"Q5106","Inj retacrit non-esrd use","G",9.325,true
"Q5107","Inj mvasi 10 mg","G",69.7722,true
"Q5108","Injection, fulphila","G",311.6182307416157,true
"Q5110","Nivestym","G",0.628,true
"Q5111","Injection, udenyca 0.5 mg","G",336.52039740828235,true
"Q5114","Inj  ogivri 10 mg","K",90.671,true
"Q5115","Inj truxima 10 mg","K",87.09165,true
"Q5117","Inj., kanjinti, 10 mg","G",90.6709,true
"Q9950","Inj sulf hexa lipid microsph","G",19.585,true
"Q9968","Visualization adjunct","K",6.112,true
"Q9982","Flutemetamol f18 diagnostic","G",3498.0,true
"Q9983","Florbetaben f18 diagnostic","G",2968.0,true
"Q9991","Buprenorph xr 100 mg or less","G",1672.454,true
"Q9992","Buprenorphine xr over 100 mg","G",1672.454,true
"V2702","Deluxe lens feature","E1",,false
